1	1	https://www.stj.jus.br/docs_internet/revista/eletronica/stj-revista-sumulas-2005_1_capSumula1.pdf
10	1	https://www.stj.jus.br/docs_internet/revista/eletronica/stj-revista-sumulas-2005_1_capSumula10.pdf
100	7	https://www.stj.jus.br/docs_internet/revista/eletronica/stj-revista-sumulas-2010_7_capSumula100.pdf
101	7	https://www.stj.jus.br/docs_internet/revista/eletronica/stj-revista-sumulas-2010_7_capSumula101.pdf
102	7	https://www.stj.jus.br/docs_internet/revista/eletronica/stj-revista-sumulas-2010_7_capSumula102.pdf
103	7	https://www.stj.jus.br/docs_internet/revista/eletronica/stj-revista-sumulas-2010_7_capSumula103.pdf
104	7	https://www.stj.jus.br/docs_internet/revista/eletronica/stj-revista-sumulas-2010_7_capSumula104.pdf
105	7	https://www.stj.jus.br/docs_internet/revista/eletronica/stj-revista-sumulas-2010_7_capSumula105.pdf
106	7	https://www.stj.jus.br/docs_internet/revista/eletronica/stj-revista-sumulas-2010_7_capSumula106.pdf
107	7	https://www.stj.jus.br/docs_internet/revista/eletronica/stj-revista-sumulas-2010_7_capSumula107.pdf
108	7	https://www.stj.jus.br/docs_internet/revista/eletronica/stj-revista-sumulas-2010_7_capSumula108.pdf
109	8	https://www.stj.jus.br/docs_internet/revista/eletronica/stj-revista-sumulas-2010_8_capSumula109.pdf
11	1	https://www.stj.jus.br/docs_internet/revista/eletronica/stj-revista-sumulas-2005_1_capSumula11.pdf
110	8	https://www.stj.jus.br/docs_internet/revista/eletronica/stj-revista-sumulas-2010_8_capSumula110.pdf
111	8	https://www.stj.jus.br/docs_internet/revista/eletronica/stj-revista-sumulas-2010_8_capSumula111.pdf
112	8	https://www.stj.jus.br/docs_internet/revista/eletronica/stj-revista-sumulas-2010_8_capSumula112.pdf
113	8	https://www.stj.jus.br/docs_internet/revista/eletronica/stj-revista-sumulas-2010_8_capSumula113.pdf
114	8	https://www.stj.jus.br/docs_internet/revista/eletronica/stj-revista-sumulas-2010_8_capSumula114.pdf
115	8	https://www.stj.jus.br/docs_internet/revista/eletronica/stj-revista-sumulas-2010_8_capSumula115.pdf
116	8	https://www.stj.jus.br/docs_internet/revista/eletronica/stj-revista-sumulas-2010_8_capSumula116.pdf
117	8	https://www.stj.jus.br/docs_internet/revista/eletronica/stj-revista-sumulas-2010_8_capSumula117.pdf
118	8	https://www.stj.jus.br/docs_internet/revista/eletronica/stj-revista-sumulas-2010_8_capSumula118.pdf
119	8	https://www.stj.jus.br/docs_internet/revista/eletronica/stj-revista-sumulas-2010_8_capSumula119.pdf
12	1	https://www.stj.jus.br/docs_internet/revista/eletronica/stj-revista-sumulas-2005_1_capSumula12.pdf
120	8	https://www.stj.jus.br/docs_internet/revista/eletronica/stj-revista-sumulas-2010_8_capSumula120.pdf
121	8	https://www.stj.jus.br/docs_internet/revista/eletronica/stj-revista-sumulas-2010_8_capSumula121.pdf
122	8	https://www.stj.jus.br/docs_internet/revista/eletronica/stj-revista-sumulas-2010_8_capSumula122.pdf
123	8	https://www.stj.jus.br/docs_internet/revista/eletronica/stj-revista-sumulas-2010_8_capSumula123.pdf
124	9	https://www.stj.jus.br/docs_internet/revista/eletronica/stj-revista-sumulas-2010_9_capSumula124.pdf
125	9	https://www.stj.jus.br/docs_internet/revista/eletronica/stj-revista-sumulas-2010_9_capSumula125.pdf
126	9	https://www.stj.jus.br/docs_internet/revista/eletronica/stj-revista-sumulas-2010_9_capSumula126.pdf
127	9	https://www.stj.jus.br/docs_internet/revista/eletronica/stj-revista-sumulas-2010_9_capSumula127.pdf
128	9	https://www.stj.jus.br/docs_internet/revista/eletronica/stj-revista-sumulas-2010_9_capSumula128.pdf
129	9	https://www.stj.jus.br/docs_internet/revista/eletronica/stj-revista-sumulas-2010_9_capSumula129.pdf
13	1	https://www.stj.jus.br/docs_internet/revista/eletronica/stj-revista-sumulas-2005_1_capSumula13.pdf
130	9	https://www.stj.jus.br/docs_internet/revista/eletronica/stj-revista-sumulas-2010_9_capSumula130.pdf
131	9	https://www.stj.jus.br/docs_internet/revista/eletronica/stj-revista-sumulas-2010_9_capSumula131.pdf
132	9	https://www.stj.jus.br/docs_internet/revista/eletronica/stj-revista-sumulas-2010_9_capSumula132.pdf
133	9	https://www.stj.jus.br/docs_internet/revista/eletronica/stj-revista-sumulas-2010_9_capSumula133.pdf
134	9	https://www.stj.jus.br/docs_internet/revista/eletronica/stj-revista-sumulas-2010_9_capSumula134.pdf
135	10	https://www.stj.jus.br/docs_internet/revista/eletronica/stj-revista-sumulas-2010_10_capSumula135.pdf
136	10	https://www.stj.jus.br/docs_internet/revista/eletronica/stj-revista-sumulas-2010_10_capSumula136.pdf
137	10	https://www.stj.jus.br/docs_internet/revista/eletronica/stj-revista-sumulas-2010_10_capSumula137.pdf
138	10	https://www.stj.jus.br/docs_internet/revista/eletronica/stj-revista-sumulas-2010_10_capSumula138.pdf
139	10	https://www.stj.jus.br/docs_internet/revista/eletronica/stj-revista-sumulas-2010_10_capSumula139.pdf
14	1	https://www.stj.jus.br/docs_internet/revista/eletronica/stj-revista-sumulas-2005_1_capSumula14.pdf
140	10	https://www.stj.jus.br/docs_internet/revista/eletronica/stj-revista-sumulas-2010_10_capSumula140.pdf
141	10	https://www.stj.jus.br/docs_internet/revista/eletronica/stj-revista-sumulas-2010_10_capSumula141.pdf
142	10	https://www.stj.jus.br/docs_internet/revista/eletronica/stj-revista-sumulas-2010_10_capSumula142.pdf
143	10	https://www.stj.jus.br/docs_internet/revista/eletronica/stj-revista-sumulas-2010_10_capSumula143.pdf
144	10	https://www.stj.jus.br/docs_internet/revista/eletronica/stj-revista-sumulas-2010_10_capSumula144.pdf
145	10	https://www.stj.jus.br/docs_internet/revista/eletronica/stj-revista-sumulas-2010_10_capSumula145.pdf
146	10	https://www.stj.jus.br/docs_internet/revista/eletronica/stj-revista-sumulas-2010_10_capSumula146.pdf
147	10	https://www.stj.jus.br/docs_internet/revista/eletronica/stj-revista-sumulas-2010_10_capSumula147.pdf
148	10	https://www.stj.jus.br/docs_internet/revista/eletronica/stj-revista-sumulas-2010_10_capSumula148.pdf
149	10	https://www.stj.jus.br/docs_internet/revista/eletronica/stj-revista-sumulas-2010_10_capSumula149.pdf
15	1	https://www.stj.jus.br/docs_internet/revista/eletronica/stj-revista-sumulas-2005_1_capSumula15.pdf
150	10	https://www.stj.jus.br/docs_internet/revista/eletronica/stj-revista-sumulas-2010_10_capSumula150.pdf
151	11	https://www.stj.jus.br/docs_internet/revista/eletronica/stj-revista-sumulas-2010_11_capSumula151.pdf
152	11	https://www.stj.jus.br/docs_internet/revista/eletronica/stj-revista-sumulas-2010_11_capSumula152.pdf
153	11	https://www.stj.jus.br/docs_internet/revista/eletronica/stj-revista-sumulas-2010_11_capSumula153.pdf
154	11	https://www.stj.jus.br/docs_internet/revista/eletronica/stj-revista-sumulas-2010_11_capSumula154.pdf
155	11	https://www.stj.jus.br/docs_internet/revista/eletronica/stj-revista-sumulas-2010_11_capSumula155.pdf
156	11	https://www.stj.jus.br/docs_internet/revista/eletronica/stj-revista-sumulas-2010_11_capSumula156.pdf
157	11	https://www.stj.jus.br/docs_internet/revista/eletronica/stj-revista-sumulas-2010_11_capSumula157.pdf
158	11	https://www.stj.jus.br/docs_internet/revista/eletronica/stj-revista-sumulas-2010_11_capSumula158.pdf
159	11	https://www.stj.jus.br/docs_internet/revista/eletronica/stj-revista-sumulas-2010_11_capSumula159.pdf
16	1	https://www.stj.jus.br/docs_internet/revista/eletronica/stj-revista-sumulas-2005_1_capSumula16.pdf
160	11	https://www.stj.jus.br/docs_internet/revista/eletronica/stj-revista-sumulas-2010_11_capSumula160.pdf
161	11	https://www.stj.jus.br/docs_internet/revista/eletronica/stj-revista-sumulas-2010_11_capSumula161.pdf
162	11	https://www.stj.jus.br/docs_internet/revista/eletronica/stj-revista-sumulas-2010_11_capSumula162.pdf
163	11	https://www.stj.jus.br/docs_internet/revista/eletronica/stj-revista-sumulas-2010_11_capSumula163.pdf
164	12	https://www.stj.jus.br/docs_internet/revista/eletronica/stj-revista-sumulas-2010_12_capSumula164.pdf
165	12	https://www.stj.jus.br/docs_internet/revista/eletronica/stj-revista-sumulas-2010_12_capSumula165.pdf
166	12	https://www.stj.jus.br/docs_internet/revista/eletronica/stj-revista-sumulas-2010_12_capSumula166.pdf
167	12	https://www.stj.jus.br/docs_internet/revista/eletronica/stj-revista-sumulas-2010_12_capSumula167.pdf
168	12	https://www.stj.jus.br/docs_internet/revista/eletronica/stj-revista-sumulas-2010_12_capSumula168.pdf
169	12	https://www.stj.jus.br/docs_internet/revista/eletronica/stj-revista-sumulas-2010_12_capSumula169.pdf
17	1	https://www.stj.jus.br/docs_internet/revista/eletronica/stj-revista-sumulas-2005_1_capSumula17.pdf
170	12	https://www.stj.jus.br/docs_internet/revista/eletronica/stj-revista-sumulas-2010_12_capSumula170.pdf
171	12	https://www.stj.jus.br/docs_internet/revista/eletronica/stj-revista-sumulas-2010_12_capSumula171.pdf
172	12	https://www.stj.jus.br/docs_internet/revista/eletronica/stj-revista-sumulas-2010_12_capSumula172.pdf
173	12	https://www.stj.jus.br/docs_internet/revista/eletronica/stj-revista-sumulas-2010_12_capSumula173.pdf
174	12	https://www.stj.jus.br/docs_internet/revista/eletronica/stj-revista-sumulas-2010_12_capSumula174.pdf
175	12	https://www.stj.jus.br/docs_internet/revista/eletronica/stj-revista-sumulas-2010_12_capSumula175.pdf
176	12	https://www.stj.jus.br/docs_internet/revista/eletronica/stj-revista-sumulas-2010_12_capSumula176.pdf
177	13	https://www.stj.jus.br/docs_internet/revista/eletronica/stj-revista-sumulas-2010_13_capSumula177.pdf
178	13	https://www.stj.jus.br/docs_internet/revista/eletronica/stj-revista-sumulas-2010_13_capSumula178.pdf
179	13	https://www.stj.jus.br/docs_internet/revista/eletronica/stj-revista-sumulas-2010_13_capSumula179.pdf
18	1	https://www.stj.jus.br/docs_internet/revista/eletronica/stj-revista-sumulas-2005_1_capSumula18.pdf
180	13	https://www.stj.jus.br/docs_internet/revista/eletronica/stj-revista-sumulas-2010_13_capSumula180.pdf
181	13	https://www.stj.jus.br/docs_internet/revista/eletronica/stj-revista-sumulas-2010_13_capSumula181.pdf
182	13	https://www.stj.jus.br/docs_internet/revista/eletronica/stj-revista-sumulas-2010_13_capSumula182.pdf
183	13	https://www.stj.jus.br/docs_internet/revista/eletronica/stj-revista-sumulas-2010_13_capSumula183.pdf
184	13	https://www.stj.jus.br/docs_internet/revista/eletronica/stj-revista-sumulas-2010_13_capSumula184.pdf
185	13	https://www.stj.jus.br/docs_internet/revista/eletronica/stj-revista-sumulas-2010_13_capSumula185.pdf
186	13	https://www.stj.jus.br/docs_internet/revista/eletronica/stj-revista-sumulas-2010_13_capSumula186.pdf
187	13	https://www.stj.jus.br/docs_internet/revista/eletronica/stj-revista-sumulas-2010_13_capSumula187.pdf
188	13	https://www.stj.jus.br/docs_internet/revista/eletronica/stj-revista-sumulas-2010_13_capSumula188.pdf
189	13	https://www.stj.jus.br/docs_internet/revista/eletronica/stj-revista-sumulas-2010_13_capSumula189.pdf
19	1	https://www.stj.jus.br/docs_internet/revista/eletronica/stj-revista-sumulas-2005_1_capSumula19.pdf
190	13	https://www.stj.jus.br/docs_internet/revista/eletronica/stj-revista-sumulas-2010_13_capSumula190.pdf
191	14	https://www.stj.jus.br/docs_internet/revista/eletronica/stj-revista-sumulas-2010_14_capSumula191.pdf
192	14	https://www.stj.jus.br/docs_internet/revista/eletronica/stj-revista-sumulas-2010_14_capSumula192.pdf
193	14	https://www.stj.jus.br/docs_internet/revista/eletronica/stj-revista-sumulas-2010_14_capSumula193.pdf
194	14	https://www.stj.jus.br/docs_internet/revista/eletronica/stj-revista-sumulas-2010_14_capSumula194.pdf
195	14	https://www.stj.jus.br/docs_internet/revista/eletronica/stj-revista-sumulas-2010_14_capSumula195.pdf
196	14	https://www.stj.jus.br/docs_internet/revista/eletronica/stj-revista-sumulas-2010_14_capSumula196.pdf
197	14	https://www.stj.jus.br/docs_internet/revista/eletronica/stj-revista-sumulas-2010_14_capSumula197.pdf
198	14	https://www.stj.jus.br/docs_internet/revista/eletronica/stj-revista-sumulas-2010_14_capSumula198.pdf
199	14	https://www.stj.jus.br/docs_internet/revista/eletronica/stj-revista-sumulas-2010_14_capSumula199.pdf
2	1	https://www.stj.jus.br/docs_internet/revista/eletronica/stj-revista-sumulas-2005_1_capSumula2.pdf
20	2	https://www.stj.jus.br/docs_internet/revista/eletronica/stj-revista-sumulas-2005_2_capSumula20.pdf
200	14	https://www.stj.jus.br/docs_internet/revista/eletronica/stj-revista-sumulas-2010_14_capSumula200.pdf
201	14	https://www.stj.jus.br/docs_internet/revista/eletronica/stj-revista-sumulas-2010_14_capSumula201.pdf
202	14	https://www.stj.jus.br/docs_internet/revista/eletronica/stj-revista-sumulas-2010_14_capSumula202.pdf
204	15	https://www.stj.jus.br/docs_internet/revista/eletronica/stj-revista-sumulas-2010_15_capSumula204.pdf
205	15	https://www.stj.jus.br/docs_internet/revista/eletronica/stj-revista-sumulas-2010_15_capSumula205.pdf
206	15	https://www.stj.jus.br/docs_internet/revista/eletronica/stj-revista-sumulas-2010_15_capSumula206.pdf
207	15	https://www.stj.jus.br/docs_internet/revista/eletronica/stj-revista-sumulas-2010_15_capSumula207.pdf
208	15	https://www.stj.jus.br/docs_internet/revista/eletronica/stj-revista-sumulas-2010_15_capSumula208.pdf
209	15	https://www.stj.jus.br/docs_internet/revista/eletronica/stj-revista-sumulas-2010_15_capSumula209.pdf
21	2	https://www.stj.jus.br/docs_internet/revista/eletronica/stj-revista-sumulas-2005_2_capSumula21.pdf
210	15	https://www.stj.jus.br/docs_internet/revista/eletronica/stj-revista-sumulas-2010_15_capSumula210.pdf
211	15	https://www.stj.jus.br/docs_internet/revista/eletronica/stj-revista-sumulas-2010_15_capSumula211.pdf
213	16	https://www.stj.jus.br/docs_internet/revista/eletronica/stj-revista-sumulas-2011_16_capSumula213.pdf
214	16	https://www.stj.jus.br/docs_internet/revista/eletronica/stj-revista-sumulas-2011_16_capSumula214.pdf
215	16	https://www.stj.jus.br/docs_internet/revista/eletronica/stj-revista-sumulas-2011_16_capSumula215.pdf
216	16	https://www.stj.jus.br/docs_internet/revista/eletronica/stj-revista-sumulas-2011_16_capSumula216.pdf
218	16	https://www.stj.jus.br/docs_internet/revista/eletronica/stj-revista-sumulas-2011_16_capSumula218.pdf
219	16	https://www.stj.jus.br/docs_internet/revista/eletronica/stj-revista-sumulas-2011_16_capSumula219.pdf
22	2	https://www.stj.jus.br/docs_internet/revista/eletronica/stj-revista-sumulas-2005_2_capSumula22.pdf
220	16	https://www.stj.jus.br/docs_internet/revista/eletronica/stj-revista-sumulas-2011_16_capSumula220.pdf
221	16	https://www.stj.jus.br/docs_internet/revista/eletronica/stj-revista-sumulas-2011_16_capSumula221.pdf
222	16	https://www.stj.jus.br/docs_internet/revista/eletronica/stj-revista-sumulas-2011_16_capSumula222.pdf
223	16	https://www.stj.jus.br/docs_internet/revista/eletronica/stj-revista-sumulas-2011_16_capSumula223.pdf
224	16	https://www.stj.jus.br/docs_internet/revista/eletronica/stj-revista-sumulas-2011_16_capSumula224.pdf
225	16	https://www.stj.jus.br/docs_internet/revista/eletronica/stj-revista-sumulas-2011_16_capSumula225.pdf
226	17	https://www.stj.jus.br/docs_internet/revista/eletronica/stj-revista-sumulas-2011_17_capSumula226.pdf
227	17	https://www.stj.jus.br/docs_internet/revista/eletronica/stj-revista-sumulas-2011_17_capSumula227.pdf
228	17	https://www.stj.jus.br/docs_internet/revista/eletronica/stj-revista-sumulas-2011_17_capSumula228.pdf
229	17	https://www.stj.jus.br/docs_internet/revista/eletronica/stj-revista-sumulas-2011_17_capSumula229.pdf
23	2	https://www.stj.jus.br/docs_internet/revista/eletronica/stj-revista-sumulas-2005_2_capSumula23.pdf
230	17	https://www.stj.jus.br/docs_internet/revista/eletronica/stj-revista-sumulas-2011_17_capSumula230.pdf
231	17	https://www.stj.jus.br/docs_internet/revista/eletronica/stj-revista-sumulas-2011_17_capSumula231.pdf
232	17	https://www.stj.jus.br/docs_internet/revista/eletronica/stj-revista-sumulas-2011_17_capSumula232.pdf
233	17	https://www.stj.jus.br/docs_internet/revista/eletronica/stj-revista-sumulas-2011_17_capSumula233.pdf
234	17	https://www.stj.jus.br/docs_internet/revista/eletronica/stj-revista-sumulas-2011_17_capSumula234.pdf
235	18	https://www.stj.jus.br/docs_internet/revista/eletronica/stj-revista-sumulas-2011_18_capSumula235.pdf
236	18	https://www.stj.jus.br/docs_internet/revista/eletronica/stj-revista-sumulas-2011_18_capSumula236.pdf
237	18	https://www.stj.jus.br/docs_internet/revista/eletronica/stj-revista-sumulas-2011_18_capSumula237.pdf
238	18	https://www.stj.jus.br/docs_internet/revista/eletronica/stj-revista-sumulas-2011_18_capSumula238.pdf
239	18	https://www.stj.jus.br/docs_internet/revista/eletronica/stj-revista-sumulas-2011_18_capSumula239.pdf
24	2	https://www.stj.jus.br/docs_internet/revista/eletronica/stj-revista-sumulas-2005_2_capSumula24.pdf
240	18	https://www.stj.jus.br/docs_internet/revista/eletronica/stj-revista-sumulas-2011_18_capSumula240.pdf
241	18	https://www.stj.jus.br/docs_internet/revista/eletronica/stj-revista-sumulas-2011_18_capSumula241.pdf
242	18	https://www.stj.jus.br/docs_internet/revista/eletronica/stj-revista-sumulas-2011_18_capSumula242.pdf
243	18	https://www.stj.jus.br/docs_internet/revista/eletronica/stj-revista-sumulas-2011_18_capSumula243.pdf
244	18	https://www.stj.jus.br/docs_internet/revista/eletronica/stj-revista-sumulas-2011_18_capSumula244.pdf
245	18	https://www.stj.jus.br/docs_internet/revista/eletronica/stj-revista-sumulas-2011_18_capSumula245.pdf
246	18	https://www.stj.jus.br/docs_internet/revista/eletronica/stj-revista-sumulas-2011_18_capSumula246.pdf
247	18	https://www.stj.jus.br/docs_internet/revista/eletronica/stj-revista-sumulas-2011_18_capSumula247.pdf
248	18	https://www.stj.jus.br/docs_internet/revista/eletronica/stj-revista-sumulas-2011_18_capSumula248.pdf
249	19	https://www.stj.jus.br/docs_internet/revista/eletronica/stj-revista-sumulas-2011_19_capSumula249.pdf
25	2	https://www.stj.jus.br/docs_internet/revista/eletronica/stj-revista-sumulas-2005_2_capSumula25.pdf
250	19	https://www.stj.jus.br/docs_internet/revista/eletronica/stj-revista-sumulas-2011_19_capSumula250.pdf
251	19	https://www.stj.jus.br/docs_internet/revista/eletronica/stj-revista-sumulas-2011_19_capSumula251.pdf
252	19	https://www.stj.jus.br/docs_internet/revista/eletronica/stj-revista-sumulas-2011_19_capSumula252.pdf
253	19	https://www.stj.jus.br/docs_internet/revista/eletronica/stj-revista-sumulas-2011_19_capSumula253.pdf
254	19	https://www.stj.jus.br/docs_internet/revista/eletronica/stj-revista-sumulas-2011_19_capSumula254.pdf
255	19	https://www.stj.jus.br/docs_internet/revista/eletronica/stj-revista-sumulas-2011_19_capSumula255.pdf
256	19	https://www.stj.jus.br/docs_internet/revista/eletronica/stj-revista-sumulas-2011_19_capSumula256.pdf
257	19	https://www.stj.jus.br/docs_internet/revista/eletronica/stj-revista-sumulas-2011_19_capSumula257.pdf
258	19	https://www.stj.jus.br/docs_internet/revista/eletronica/stj-revista-sumulas-2011_19_capSumula258.pdf
259	19	https://www.stj.jus.br/docs_internet/revista/eletronica/stj-revista-sumulas-2011_19_capSumula259.pdf
26	2	https://www.stj.jus.br/docs_internet/revista/eletronica/stj-revista-sumulas-2005_2_capSumula26.pdf
260	19	https://www.stj.jus.br/docs_internet/revista/eletronica/stj-revista-sumulas-2011_19_capSumula260.pdf
261	20	https://www.stj.jus.br/docs_internet/revista/eletronica/stj-revista-sumulas-2011_20_capSumula261.pdf
262	20	https://www.stj.jus.br/docs_internet/revista/eletronica/stj-revista-sumulas-2011_20_capSumula262.pdf
263	20	https://www.stj.jus.br/docs_internet/revista/eletronica/stj-revista-sumulas-2011_20_capSumula263.pdf
264	20	https://www.stj.jus.br/docs_internet/revista/eletronica/stj-revista-sumulas-2011_20_capSumula264.pdf
265	20	https://www.stj.jus.br/docs_internet/revista/eletronica/stj-revista-sumulas-2011_20_capSumula265.pdf
266	20	https://www.stj.jus.br/docs_internet/revista/eletronica/stj-revista-sumulas-2011_20_capSumula266.pdf
267	20	https://www.stj.jus.br/docs_internet/revista/eletronica/stj-revista-sumulas-2011_20_capSumula267.pdf
268	20	https://www.stj.jus.br/docs_internet/revista/eletronica/stj-revista-sumulas-2011_20_capSumula268.pdf
269	20	https://www.stj.jus.br/docs_internet/revista/eletronica/stj-revista-sumulas-2011_20_capSumula269.pdf
27	2	https://www.stj.jus.br/docs_internet/revista/eletronica/stj-revista-sumulas-2005_2_capSumula27.pdf
270	20	https://www.stj.jus.br/docs_internet/revista/eletronica/stj-revista-sumulas-2011_20_capSumula270.pdf
271	20	https://www.stj.jus.br/docs_internet/revista/eletronica/stj-revista-sumulas-2011_20_capSumula271.pdf
272	20	https://www.stj.jus.br/docs_internet/revista/eletronica/stj-revista-sumulas-2011_20_capSumula272.pdf
273	20	https://www.stj.jus.br/docs_internet/revista/eletronica/stj-revista-sumulas-2011_20_capSumula273.pdf
274	21	https://www.stj.jus.br/docs_internet/revista/eletronica/stj-revista-sumulas-2011_21_capSumula274.pdf
275	21	https://www.stj.jus.br/docs_internet/revista/eletronica/stj-revista-sumulas-2011_21_capSumula275.pdf
276	21	https://www.stj.jus.br/docs_internet/revista/eletronica/stj-revista-sumulas-2011_21_capSumula276.pdf
277	21	https://www.stj.jus.br/docs_internet/revista/eletronica/stj-revista-sumulas-2011_21_capSumula277.pdf
278	21	https://www.stj.jus.br/docs_internet/revista/eletronica/stj-revista-sumulas-2011_21_capSumula278.pdf
279	21	https://www.stj.jus.br/docs_internet/revista/eletronica/stj-revista-sumulas-2011_21_capSumula279.pdf
28	2	https://www.stj.jus.br/docs_internet/revista/eletronica/stj-revista-sumulas-2005_2_capSumula28.pdf
280	21	https://www.stj.jus.br/docs_internet/revista/eletronica/stj-revista-sumulas-2011_21_capSumula280.pdf
281	21	https://www.stj.jus.br/docs_internet/revista/eletronica/stj-revista-sumulas-2011_21_capSumula281.pdf
282	21	https://www.stj.jus.br/docs_internet/revista/eletronica/stj-revista-sumulas-2011_21_capSumula282.pdf
283	21	https://www.stj.jus.br/docs_internet/revista/eletronica/stj-revista-sumulas-2011_21_capSumula283.pdf
284	21	https://www.stj.jus.br/docs_internet/revista/eletronica/stj-revista-sumulas-2011_21_capSumula284.pdf
285	21	https://www.stj.jus.br/docs_internet/revista/eletronica/stj-revista-sumulas-2011_21_capSumula285.pdf
286	22	https://www.stj.jus.br/docs_internet/revista/eletronica/stj-revista-sumulas-2011_22_capSumula286.pdf
287	22	https://www.stj.jus.br/docs_internet/revista/eletronica/stj-revista-sumulas-2011_22_capSumula287.pdf
288	22	https://www.stj.jus.br/docs_internet/revista/eletronica/stj-revista-sumulas-2011_22_capSumula288.pdf
289	22	https://www.stj.jus.br/docs_internet/revista/eletronica/stj-revista-sumulas-2011_22_capSumula289.pdf
29	2	https://www.stj.jus.br/docs_internet/revista/eletronica/stj-revista-sumulas-2005_2_capSumula29.pdf
290	22	https://www.stj.jus.br/docs_internet/revista/eletronica/stj-revista-sumulas-2011_22_capSumula290.pdf
291	22	https://www.stj.jus.br/docs_internet/revista/eletronica/stj-revista-sumulas-2011_22_capSumula291.pdf
292	22	https://www.stj.jus.br/docs_internet/revista/eletronica/stj-revista-sumulas-2011_22_capSumula292.pdf
293	22	https://www.stj.jus.br/docs_internet/revista/eletronica/stj-revista-sumulas-2011_22_capSumula293.pdf
294	23	https://www.stj.jus.br/docs_internet/revista/eletronica/stj-revista-sumulas-2011_23_capSumula294.pdf
295	23	https://www.stj.jus.br/docs_internet/revista/eletronica/stj-revista-sumulas-2011_23_capSumula295.pdf
296	23	https://www.stj.jus.br/docs_internet/revista/eletronica/stj-revista-sumulas-2011_23_capSumula296.pdf
297	23	https://www.stj.jus.br/docs_internet/revista/eletronica/stj-revista-sumulas-2011_23_capSumula297.pdf
298	23	https://www.stj.jus.br/docs_internet/revista/eletronica/stj-revista-sumulas-2011_23_capSumula298.pdf
299	23	https://www.stj.jus.br/docs_internet/revista/eletronica/stj-revista-sumulas-2011_23_capSumula299.pdf
3	1	https://www.stj.jus.br/docs_internet/revista/eletronica/stj-revista-sumulas-2005_1_capSumula3.pdf
30	2	https://www.stj.jus.br/docs_internet/revista/eletronica/stj-revista-sumulas-2005_2_capSumula30.pdf
300	23	https://www.stj.jus.br/docs_internet/revista/eletronica/stj-revista-sumulas-2011_23_capSumula300.pdf
301	23	https://www.stj.jus.br/docs_internet/revista/eletronica/stj-revista-sumulas-2011_23_capSumula301.pdf
302	24	https://www.stj.jus.br/docs_internet/revista/eletronica/stj-revista-sumulas-2011_24_capSumula302.pdf
303	24	https://www.stj.jus.br/docs_internet/revista/eletronica/stj-revista-sumulas-2011_24_capSumula303.pdf
304	24	https://www.stj.jus.br/docs_internet/revista/eletronica/stj-revista-sumulas-2011_24_capSumula304.pdf
305	24	https://www.stj.jus.br/docs_internet/revista/eletronica/stj-revista-sumulas-2011_24_capSumula305.pdf
306	24	https://www.stj.jus.br/docs_internet/revista/eletronica/stj-revista-sumulas-2011_24_capSumula306.pdf
307	24	https://www.stj.jus.br/docs_internet/revista/eletronica/stj-revista-sumulas-2011_24_capSumula307.pdf
308	24	https://www.stj.jus.br/docs_internet/revista/eletronica/stj-revista-sumulas-2011_24_capSumula308.pdf
309	25	https://www.stj.jus.br/docs_internet/revista/eletronica/stj-revista-sumulas-2011_25_capSumula309.pdf
31	2	https://www.stj.jus.br/docs_internet/revista/eletronica/stj-revista-sumulas-2005_2_capSumula31.pdf
310	25	https://www.stj.jus.br/docs_internet/revista/eletronica/stj-revista-sumulas-2011_25_capSumula310.pdf
311	25	https://www.stj.jus.br/docs_internet/revista/eletronica/stj-revista-sumulas-2011_25_capSumula311.pdf
312	25	https://www.stj.jus.br/docs_internet/revista/eletronica/stj-revista-sumulas-2011_25_capSumula312.pdf
313	25	https://www.stj.jus.br/docs_internet/revista/eletronica/stj-revista-sumulas-2011_25_capSumula313.pdf
314	25	https://www.stj.jus.br/docs_internet/revista/eletronica/stj-revista-sumulas-2011_25_capSumula314.pdf
315	25	https://www.stj.jus.br/docs_internet/revista/eletronica/stj-revista-sumulas-2011_25_capSumula315.pdf
316	25	https://www.stj.jus.br/docs_internet/revista/eletronica/stj-revista-sumulas-2011_25_capSumula316.pdf
317	26	https://www.stj.jus.br/docs_internet/revista/eletronica/stj-revista-sumulas-2011_26_capSumula317.pdf
318	26	https://www.stj.jus.br/docs_internet/revista/eletronica/stj-revista-sumulas-2011_26_capSumula318.pdf
319	26	https://www.stj.jus.br/docs_internet/revista/eletronica/stj-revista-sumulas-2011_26_capSumula319.pdf
32	2	https://www.stj.jus.br/docs_internet/revista/eletronica/stj-revista-sumulas-2005_2_capSumula32.pdf
320	26	https://www.stj.jus.br/docs_internet/revista/eletronica/stj-revista-sumulas-2011_26_capSumula320.pdf
321	26	https://www.stj.jus.br/docs_internet/revista/eletronica/stj-revista-sumulas-2011_26_capSumula321.pdf
322	26	https://www.stj.jus.br/docs_internet/revista/eletronica/stj-revista-sumulas-2011_26_capSumula322.pdf
323	26	https://www.stj.jus.br/docs_internet/revista/eletronica/stj-revista-sumulas-2011_26_capSumula323.pdf
324	26	https://www.stj.jus.br/docs_internet/revista/eletronica/stj-revista-sumulas-2011_26_capSumula324.pdf
325	26	https://www.stj.jus.br/docs_internet/revista/eletronica/stj-revista-sumulas-2011_26_capSumula325.pdf
326	27	https://www.stj.jus.br/docs_internet/revista/eletronica/stj-revista-sumulas-2012_27_capSumula326.pdf
327	27	https://www.stj.jus.br/docs_internet/revista/eletronica/stj-revista-sumulas-2012_27_capSumula327.pdf
328	27	https://www.stj.jus.br/docs_internet/revista/eletronica/stj-revista-sumulas-2012_27_capSumula328.pdf
329	27	https://www.stj.jus.br/docs_internet/revista/eletronica/stj-revista-sumulas-2012_27_capSumula329.pdf
33	2	https://www.stj.jus.br/docs_internet/revista/eletronica/stj-revista-sumulas-2005_2_capSumula33.pdf
330	27	https://www.stj.jus.br/docs_internet/revista/eletronica/stj-revista-sumulas-2012_27_capSumula330.pdf
331	27	https://www.stj.jus.br/docs_internet/revista/eletronica/stj-revista-sumulas-2012_27_capSumula331.pdf
332	28	https://www.stj.jus.br/docs_internet/revista/eletronica/stj-revista-sumulas-2012_28_capSumula332.pdf
333	28	https://www.stj.jus.br/docs_internet/revista/eletronica/stj-revista-sumulas-2012_28_capSumula333.pdf
334	28	https://www.stj.jus.br/docs_internet/revista/eletronica/stj-revista-sumulas-2012_28_capSumula334.pdf
335	28	https://www.stj.jus.br/docs_internet/revista/eletronica/stj-revista-sumulas-2012_28_capSumula335.pdf
336	28	https://www.stj.jus.br/docs_internet/revista/eletronica/stj-revista-sumulas-2012_28_capSumula336.pdf
337	28	https://www.stj.jus.br/docs_internet/revista/eletronica/stj-revista-sumulas-2012_28_capSumula337.pdf
338	29	https://www.stj.jus.br/docs_internet/revista/eletronica/stj-revista-sumulas-2012_29_capSumula338.pdf
339	29	https://www.stj.jus.br/docs_internet/revista/eletronica/stj-revista-sumulas-2012_29_capSumula339.pdf
34	2	https://www.stj.jus.br/docs_internet/revista/eletronica/stj-revista-sumulas-2005_2_capSumula34.pdf
340	29	https://www.stj.jus.br/docs_internet/revista/eletronica/stj-revista-sumulas-2012_29_capSumula340.pdf
341	29	https://www.stj.jus.br/docs_internet/revista/eletronica/stj-revista-sumulas-2012_29_capSumula341.pdf
342	29	https://www.stj.jus.br/docs_internet/revista/eletronica/stj-revista-sumulas-2012_29_capSumula342.pdf
343	29	https://www.stj.jus.br/docs_internet/revista/eletronica/stj-revista-sumulas-2012_29_capSumula343.pdf
344	29	https://www.stj.jus.br/docs_internet/revista/eletronica/stj-revista-sumulas-2012_29_capSumula344.pdf
345	30	https://www.stj.jus.br/docs_internet/revista/eletronica/stj-revista-sumulas-2012_30_capSumula345.pdf
346	30	https://www.stj.jus.br/docs_internet/revista/eletronica/stj-revista-sumulas-2012_30_capSumula346.pdf
347	30	https://www.stj.jus.br/docs_internet/revista/eletronica/stj-revista-sumulas-2012_30_capSumula347.pdf
348	30	https://www.stj.jus.br/docs_internet/revista/eletronica/stj-revista-sumulas-2012_30_capSumula348.pdf
349	30	https://www.stj.jus.br/docs_internet/revista/eletronica/stj-revista-sumulas-2012_30_capSumula349.pdf
35	2	https://www.stj.jus.br/docs_internet/revista/eletronica/stj-revista-sumulas-2005_2_capSumula35.pdf
350	30	https://www.stj.jus.br/docs_internet/revista/eletronica/stj-revista-sumulas-2012_30_capSumula350.pdf
351	30	https://www.stj.jus.br/docs_internet/revista/eletronica/stj-revista-sumulas-2012_30_capSumula351.pdf
352	30	https://www.stj.jus.br/docs_internet/revista/eletronica/stj-revista-sumulas-2012_30_capSumula352.pdf
353	31	https://www.stj.jus.br/docs_internet/revista/eletronica/stj-revista-sumulas-2012_31_capSumula353.pdf
354	31	https://www.stj.jus.br/docs_internet/revista/eletronica/stj-revista-sumulas-2012_31_capSumula354.pdf
355	31	https://www.stj.jus.br/docs_internet/revista/eletronica/stj-revista-sumulas-2012_31_capSumula355.pdf
356	31	https://www.stj.jus.br/docs_internet/revista/eletronica/stj-revista-sumulas-2012_31_capSumula356.pdf
357	31	https://www.stj.jus.br/docs_internet/revista/eletronica/stj-revista-sumulas-2012_31_capSumula357.pdf
358	31	https://www.stj.jus.br/docs_internet/revista/eletronica/stj-revista-sumulas-2012_31_capSumula358.pdf
359	31	https://www.stj.jus.br/docs_internet/revista/eletronica/stj-revista-sumulas-2012_31_capSumula359.pdf
36	3	https://www.stj.jus.br/docs_internet/revista/eletronica/stj-revista-sumulas-2006_3_capSumula36.pdf
360	32	https://www.stj.jus.br/docs_internet/revista/eletronica/stj-revista-sumulas-2012_32_capSumula360.pdf
361	32	https://www.stj.jus.br/docs_internet/revista/eletronica/stj-revista-sumulas-2012_32_capSumula361.pdf
362	32	https://www.stj.jus.br/docs_internet/revista/eletronica/stj-revista-sumulas-2012_32_capSumula362.pdf
363	32	https://www.stj.jus.br/docs_internet/revista/eletronica/stj-revista-sumulas-2012_32_capSumula363.pdf
364	32	https://www.stj.jus.br/docs_internet/revista/eletronica/stj-revista-sumulas-2012_32_capSumula364.pdf
365	32	https://www.stj.jus.br/docs_internet/revista/eletronica/stj-revista-sumulas-2012_32_capSumula365.pdf
366	32	https://www.stj.jus.br/docs_internet/revista/eletronica/stj-revista-sumulas-2012_32_capSumula366.pdf
367	33	https://www.stj.jus.br/docs_internet/revista/eletronica/stj-revista-sumulas-2013_33_capSumula367.pdf
368	33	https://www.stj.jus.br/docs_internet/revista/eletronica/stj-revista-sumulas-2013_33_capSumula368.pdf
369	33	https://www.stj.jus.br/docs_internet/revista/eletronica/stj-revista-sumulas-2013_33_capSumula369.pdf
37	3	https://www.stj.jus.br/docs_internet/revista/eletronica/stj-revista-sumulas-2006_3_capSumula37.pdf
370	33	https://www.stj.jus.br/docs_internet/revista/eletronica/stj-revista-sumulas-2013_33_capSumula370.pdf
371	33	https://www.stj.jus.br/docs_internet/revista/eletronica/stj-revista-sumulas-2013_33_capSumula371.pdf
372	33	https://www.stj.jus.br/docs_internet/revista/eletronica/stj-revista-sumulas-2013_33_capSumula372.pdf
373	33	https://www.stj.jus.br/docs_internet/revista/eletronica/stj-revista-sumulas-2013_33_capSumula373.pdf
374	33	https://www.stj.jus.br/docs_internet/revista/eletronica/stj-revista-sumulas-2013_33_capSumula374.pdf
375	33	https://www.stj.jus.br/docs_internet/revista/eletronica/stj-revista-sumulas-2013_33_capSumula375.pdf
376	34	https://www.stj.jus.br/docs_internet/revista/eletronica/stj-revista-sumulas-2013_34_capSumula376.pdf
377	34	https://www.stj.jus.br/docs_internet/revista/eletronica/stj-revista-sumulas-2013_34_capSumula377.pdf
378	34	https://www.stj.jus.br/docs_internet/revista/eletronica/stj-revista-sumulas-2013_34_capSumula378.pdf
379	34	https://www.stj.jus.br/docs_internet/revista/eletronica/stj-revista-sumulas-2013_34_capSumula379.pdf
38	3	https://www.stj.jus.br/docs_internet/revista/eletronica/stj-revista-sumulas-2006_3_capSumula38.pdf
380	34	https://www.stj.jus.br/docs_internet/revista/eletronica/stj-revista-sumulas-2013_34_capSumula380.pdf
381	34	https://www.stj.jus.br/docs_internet/revista/eletronica/stj-revista-sumulas-2013_34_capSumula381.pdf
382	35	https://www.stj.jus.br/docs_internet/revista/eletronica/stj-revista-sumulas-2013_35_capSumula382.pdf
383	35	https://www.stj.jus.br/docs_internet/revista/eletronica/stj-revista-sumulas-2013_35_capSumula383.pdf
384	35	https://www.stj.jus.br/docs_internet/revista/eletronica/stj-revista-sumulas-2013_35_capSumula384.pdf
385	35	https://www.stj.jus.br/docs_internet/revista/eletronica/stj-revista-sumulas-2013_35_capSumula385.pdf
386	35	https://www.stj.jus.br/docs_internet/revista/eletronica/stj-revista-sumulas-2013_35_capSumula386.pdf
387	35	https://www.stj.jus.br/docs_internet/revista/eletronica/stj-revista-sumulas-2013_35_capSumula387.pdf
388	36	https://www.stj.jus.br/docs_internet/revista/eletronica/stj-revista-sumulas-2013_36_capSumula388.pdf
389	36	https://www.stj.jus.br/docs_internet/revista/eletronica/stj-revista-sumulas-2013_36_capSumula389.pdf
39	3	https://www.stj.jus.br/docs_internet/revista/eletronica/stj-revista-sumulas-2006_3_capSumula39.pdf
390	36	https://www.stj.jus.br/docs_internet/revista/eletronica/stj-revista-sumulas-2013_36_capSumula390.pdf
391	36	https://www.stj.jus.br/docs_internet/revista/eletronica/stj-revista-sumulas-2013_36_capSumula391.pdf
392	36	https://www.stj.jus.br/docs_internet/revista/eletronica/stj-revista-sumulas-2013_36_capSumula392.pdf
393	36	https://www.stj.jus.br/docs_internet/revista/eletronica/stj-revista-sumulas-2013_36_capSumula393.pdf
394	36	https://www.stj.jus.br/docs_internet/revista/eletronica/stj-revista-sumulas-2013_36_capSumula394.pdf
395	37	https://www.stj.jus.br/docs_internet/revista/eletronica/stj-revista-sumulas-2013_37_capSumula395.pdf
396	37	https://www.stj.jus.br/docs_internet/revista/eletronica/stj-revista-sumulas-2013_37_capSumula396.pdf
397	37	https://www.stj.jus.br/docs_internet/revista/eletronica/stj-revista-sumulas-2013_37_capSumula397.pdf
398	37	https://www.stj.jus.br/docs_internet/revista/eletronica/stj-revista-sumulas-2013_37_capSumula398.pdf
399	37	https://www.stj.jus.br/docs_internet/revista/eletronica/stj-revista-sumulas-2013_37_capSumula399.pdf
4	1	https://www.stj.jus.br/docs_internet/revista/eletronica/stj-revista-sumulas-2005_1_capSumula4.pdf
40	3	https://www.stj.jus.br/docs_internet/revista/eletronica/stj-revista-sumulas-2006_3_capSumula40.pdf
400	37	https://www.stj.jus.br/docs_internet/revista/eletronica/stj-revista-sumulas-2013_37_capSumula400.pdf
401	37	https://www.stj.jus.br/docs_internet/revista/eletronica/stj-revista-sumulas-2013_37_capSumula401.pdf
402	38	https://www.stj.jus.br/docs_internet/revista/eletronica/stj-revista-sumulas-2014_38_capSumula402.pdf
403	38	https://www.stj.jus.br/docs_internet/revista/eletronica/stj-revista-sumulas-2014_38_capSumula403.pdf
404	38	https://www.stj.jus.br/docs_internet/revista/eletronica/stj-revista-sumulas-2014_38_capSumula404.pdf
405	38	https://www.stj.jus.br/docs_internet/revista/eletronica/stj-revista-sumulas-2014_38_capSumula405.pdf
406	38	https://www.stj.jus.br/docs_internet/revista/eletronica/stj-revista-sumulas-2014_38_capSumula406.pdf
407	38	https://www.stj.jus.br/docs_internet/revista/eletronica/stj-revista-sumulas-2014_38_capSumula407.pdf
408	38	https://www.stj.jus.br/docs_internet/revista/eletronica/stj-revista-sumulas-2014_38_capSumula408.pdf
409	38	https://www.stj.jus.br/docs_internet/revista/eletronica/stj-revista-sumulas-2014_38_capSumula409.pdf
41	3	https://www.stj.jus.br/docs_internet/revista/eletronica/stj-revista-sumulas-2006_3_capSumula41.pdf
410	38	https://www.stj.jus.br/docs_internet/revista/eletronica/stj-revista-sumulas-2014_38_capSumula410.pdf
411	39	https://www.stj.jus.br/docs_internet/revista/eletronica/stj-revista-sumulas-2014_39_capSumula411.pdf
412	39	https://www.stj.jus.br/docs_internet/revista/eletronica/stj-revista-sumulas-2014_39_capSumula412.pdf
413	39	https://www.stj.jus.br/docs_internet/revista/eletronica/stj-revista-sumulas-2014_39_capSumula413.pdf
414	39	https://www.stj.jus.br/docs_internet/revista/eletronica/stj-revista-sumulas-2014_39_capSumula414.pdf
415	39	https://www.stj.jus.br/docs_internet/revista/eletronica/stj-revista-sumulas-2014_39_capSumula415.pdf
416	39	https://www.stj.jus.br/docs_internet/revista/eletronica/stj-revista-sumulas-2014_39_capSumula416.pdf
417	39	https://www.stj.jus.br/docs_internet/revista/eletronica/stj-revista-sumulas-2014_39_capSumula417.pdf
418	40	https://www.stj.jus.br/docs_internet/revista/eletronica/stj-revista-sumulas-2014_40_capSumula418.pdf
419	40	https://www.stj.jus.br/docs_internet/revista/eletronica/stj-revista-sumulas-2014_40_capSumula419.pdf
42	3	https://www.stj.jus.br/docs_internet/revista/eletronica/stj-revista-sumulas-2006_3_capSumula42.pdf
420	40	https://www.stj.jus.br/docs_internet/revista/eletronica/stj-revista-sumulas-2014_40_capSumula420.pdf
421	40	https://www.stj.jus.br/docs_internet/revista/eletronica/stj-revista-sumulas-2014_40_capSumula421.pdf
422	40	https://www.stj.jus.br/docs_internet/revista/eletronica/stj-revista-sumulas-2014_40_capSumula422.pdf
423	41	https://www.stj.jus.br/docs_internet/revista/eletronica/stj-revista-sumulas-2014_41_capSumula423.pdf
424	41	https://www.stj.jus.br/docs_internet/revista/eletronica/stj-revista-sumulas-2014_41_capSumula424.pdf
425	41	https://www.stj.jus.br/docs_internet/revista/eletronica/stj-revista-sumulas-2014_41_capSumula425.pdf
426	41	https://www.stj.jus.br/docs_internet/revista/eletronica/stj-revista-sumulas-2014_41_capSumula426.pdf
427	41	https://www.stj.jus.br/docs_internet/revista/eletronica/stj-revista-sumulas-2014_41_capSumula427.pdf
428	41	https://www.stj.jus.br/docs_internet/revista/eletronica/stj-revista-sumulas-2014_41_capSumula428.pdf
429	41	https://www.stj.jus.br/docs_internet/revista/eletronica/stj-revista-sumulas-2014_41_capSumula429.pdf
43	3	https://www.stj.jus.br/docs_internet/revista/eletronica/stj-revista-sumulas-2006_3_capSumula43.pdf
430	41	https://www.stj.jus.br/docs_internet/revista/eletronica/stj-revista-sumulas-2014_41_capSumula430.pdf
44	3	https://www.stj.jus.br/docs_internet/revista/eletronica/stj-revista-sumulas-2006_3_capSumula44.pdf
45	3	https://www.stj.jus.br/docs_internet/revista/eletronica/stj-revista-sumulas-2006_3_capSumula45.pdf
46	3	https://www.stj.jus.br/docs_internet/revista/eletronica/stj-revista-sumulas-2006_3_capSumula46.pdf
47	3	https://www.stj.jus.br/docs_internet/revista/eletronica/stj-revista-sumulas-2006_3_capSumula47.pdf
48	3	https://www.stj.jus.br/docs_internet/revista/eletronica/stj-revista-sumulas-2006_3_capSumula48.pdf
49	3	https://www.stj.jus.br/docs_internet/revista/eletronica/stj-revista-sumulas-2006_3_capSumula49.pdf
5	1	https://www.stj.jus.br/docs_internet/revista/eletronica/stj-revista-sumulas-2005_1_capSumula5.pdf
50	4	https://www.stj.jus.br/docs_internet/revista/eletronica/stj-revista-sumulas-2006_4_capSumula50.pdf
51	4	https://www.stj.jus.br/docs_internet/revista/eletronica/stj-revista-sumulas-2006_4_capSumula51.pdf
52	4	https://www.stj.jus.br/docs_internet/revista/eletronica/stj-revista-sumulas-2006_4_capSumula52.pdf
53	4	https://www.stj.jus.br/docs_internet/revista/eletronica/stj-revista-sumulas-2006_4_capSumula53.pdf
54	4	https://www.stj.jus.br/docs_internet/revista/eletronica/stj-revista-sumulas-2006_4_capSumula54.pdf
55	4	https://www.stj.jus.br/docs_internet/revista/eletronica/stj-revista-sumulas-2006_4_capSumula55.pdf
56	4	https://www.stj.jus.br/docs_internet/revista/eletronica/stj-revista-sumulas-2006_4_capSumula56.pdf
57	4	https://www.stj.jus.br/docs_internet/revista/eletronica/stj-revista-sumulas-2006_4_capSumula57.pdf
58	4	https://www.stj.jus.br/docs_internet/revista/eletronica/stj-revista-sumulas-2006_4_capSumula58.pdf
59	4	https://www.stj.jus.br/docs_internet/revista/eletronica/stj-revista-sumulas-2006_4_capSumula59.pdf
6	1	https://www.stj.jus.br/docs_internet/revista/eletronica/stj-revista-sumulas-2005_1_capSumula6.pdf
60	4	https://www.stj.jus.br/docs_internet/revista/eletronica/stj-revista-sumulas-2006_4_capSumula60.pdf
61	4	https://www.stj.jus.br/docs_internet/revista/eletronica/stj-revista-sumulas-2006_4_capSumula61.pdf
616	47	https://www.stj.jus.br/docs_internet/revista/eletronica/stj-revista-sumulas-2018_47_capSumulas616.pdf
617	48	https://www.stj.jus.br/docs_internet/revista/eletronica/stj-revista-sumulas-2021_48_capSumulas617.pdf
618	48	https://www.stj.jus.br/docs_internet/revista/eletronica/stj-revista-sumulas-2021_48_capSumulas618.pdf
619	48	https://www.stj.jus.br/docs_internet/revista/eletronica/stj-revista-sumulas-2021_48_capSumulas619.pdf
62	4	https://www.stj.jus.br/docs_internet/revista/eletronica/stj-revista-sumulas-2006_4_capSumula62.pdf
620	48	https://www.stj.jus.br/docs_internet/revista/eletronica/stj-revista-sumulas-2021_48_capSumulas620.pdf
621	48	https://www.stj.jus.br/docs_internet/revista/eletronica/stj-revista-sumulas-2021_48_capSumulas621.pdf
622	48	https://www.stj.jus.br/docs_internet/revista/eletronica/stj-revista-sumulas-2021_48_capSumulas622.pdf
623	48	https://www.stj.jus.br/docs_internet/revista/eletronica/stj-revista-sumulas-2021_48_capSumulas623.pdf
624	48	https://www.stj.jus.br/docs_internet/revista/eletronica/stj-revista-sumulas-2021_48_capSumulas624.pdf
625	48	https://www.stj.jus.br/docs_internet/revista/eletronica/stj-revista-sumulas-2021_48_capSumulas625.pdf
626	48	https://www.stj.jus.br/docs_internet/revista/eletronica/stj-revista-sumulas-2021_48_capSumulas626.pdf
627	48	https://www.stj.jus.br/docs_internet/revista/eletronica/stj-revista-sumulas-2021_48_capSumulas627.pdf
628	48	https://www.stj.jus.br/docs_internet/revista/eletronica/stj-revista-sumulas-2021_48_capSumulas628.pdf
629	48	https://www.stj.jus.br/docs_internet/revista/eletronica/stj-revista-sumulas-2021_48_capSumulas629.pdf
63	4	https://www.stj.jus.br/docs_internet/revista/eletronica/stj-revista-sumulas-2006_4_capSumula63.pdf
630	48	https://www.stj.jus.br/docs_internet/revista/eletronica/stj-revista-sumulas-2021_48_capSumulas630.pdf
631	48	https://www.stj.jus.br/docs_internet/revista/eletronica/stj-revista-sumulas-2021_48_capSumulas631.pdf
632	48	https://www.stj.jus.br/docs_internet/revista/eletronica/stj-revista-sumulas-2021_48_capSumulas632.pdf
633	48	https://www.stj.jus.br/docs_internet/revista/eletronica/stj-revista-sumulas-2021_48_capSumulas633.pdf
634	48	https://www.stj.jus.br/docs_internet/revista/eletronica/stj-revista-sumulas-2021_48_capSumulas634.pdf
635	48	https://www.stj.jus.br/docs_internet/revista/eletronica/stj-revista-sumulas-2021_48_capSumulas635.pdf
636	48	https://www.stj.jus.br/docs_internet/revista/eletronica/stj-revista-sumulas-2021_48_capSumulas636.pdf
637	48	https://www.stj.jus.br/docs_internet/revista/eletronica/stj-revista-sumulas-2021_48_capSumulas637.pdf
638	48	https://www.stj.jus.br/docs_internet/revista/eletronica/stj-revista-sumulas-2021_48_capSumulas638.pdf
639	48	https://www.stj.jus.br/docs_internet/revista/eletronica/stj-revista-sumulas-2021_48_capSumulas639.pdf
64	4	https://www.stj.jus.br/docs_internet/revista/eletronica/stj-revista-sumulas-2006_4_capSumula64.pdf
640	48	https://www.stj.jus.br/docs_internet/revista/eletronica/stj-revista-sumulas-2021_48_capSumulas640.pdf
641	48	https://www.stj.jus.br/docs_internet/revista/eletronica/stj-revista-sumulas-2021_48_capSumulas641.pdf
642	49	https://www.stj.jus.br/docs_internet/revista/eletronica/stj-revista-sumulas-2023_49_capSumulas642.pdf
643	49	https://www.stj.jus.br/docs_internet/revista/eletronica/stj-revista-sumulas-2023_49_capSumulas643.pdf
644	49	https://www.stj.jus.br/docs_internet/revista/eletronica/stj-revista-sumulas-2023_49_capSumulas644.pdf
645	49	https://www.stj.jus.br/docs_internet/revista/eletronica/stj-revista-sumulas-2023_49_capSumulas645.pdf
646	49	https://www.stj.jus.br/docs_internet/revista/eletronica/stj-revista-sumulas-2023_49_capSumulas646.pdf
647	49	https://www.stj.jus.br/docs_internet/revista/eletronica/stj-revista-sumulas-2023_49_capSumulas647.pdf
648	49	https://www.stj.jus.br/docs_internet/revista/eletronica/stj-revista-sumulas-2023_49_capSumulas648.pdf
649	49	https://www.stj.jus.br/docs_internet/revista/eletronica/stj-revista-sumulas-2023_49_capSumulas649.pdf
65	4	https://www.stj.jus.br/docs_internet/revista/eletronica/stj-revista-sumulas-2006_4_capSumula65.pdf
650	49	https://www.stj.jus.br/docs_internet/revista/eletronica/stj-revista-sumulas-2023_49_capSumulas650.pdf
651	49	https://www.stj.jus.br/docs_internet/revista/eletronica/stj-revista-sumulas-2023_49_capSumulas651.pdf
652	49	https://www.stj.jus.br/docs_internet/revista/eletronica/stj-revista-sumulas-2023_49_capSumulas652.pdf
653	49	https://www.stj.jus.br/docs_internet/revista/eletronica/stj-revista-sumulas-2023_49_capSumulas653.pdf
654	49	https://www.stj.jus.br/docs_internet/revista/eletronica/stj-revista-sumulas-2023_49_capSumulas654.pdf
655	49	https://www.stj.jus.br/docs_internet/revista/eletronica/stj-revista-sumulas-2023_49_capSumulas655.pdf
656	49	https://www.stj.jus.br/docs_internet/revista/eletronica/stj-revista-sumulas-2023_49_capSumulas656.pdf
657	49	https://www.stj.jus.br/docs_internet/revista/eletronica/stj-revista-sumulas-2023_49_capSumulas657.pdf
658	49	https://www.stj.jus.br/docs_internet/revista/eletronica/stj-revista-sumulas-2023_49_capSumulas658.pdf
659	49	https://www.stj.jus.br/docs_internet/revista/eletronica/stj-revista-sumulas-2023_49_capSumulas659.pdf
66	4	https://www.stj.jus.br/docs_internet/revista/eletronica/stj-revista-sumulas-2006_4_capSumula66.pdf
660	49	https://www.stj.jus.br/docs_internet/revista/eletronica/stj-revista-sumulas-2023_49_capSumulas660.pdf
661	49	https://www.stj.jus.br/docs_internet/revista/eletronica/stj-revista-sumulas-2023_49_capSumulas661.pdf
662	49	https://www.stj.jus.br/docs_internet/revista/eletronica/stj-revista-sumulas-2023_49_capSumulas662.pdf
663	49	https://www.stj.jus.br/docs_internet/revista/eletronica/stj-revista-sumulas-2023_49_capSumulas663.pdf
664	49	https://www.stj.jus.br/docs_internet/revista/eletronica/stj-revista-sumulas-2023_49_capSumulas664.pdf
665	49	https://www.stj.jus.br/docs_internet/revista/eletronica/stj-revista-sumulas-2023_49_capSumulas665.pdf
67	4	https://www.stj.jus.br/docs_internet/revista/eletronica/stj-revista-sumulas-2006_4_capSumula67.pdf
68	5	https://www.stj.jus.br/docs_internet/revista/eletronica/stj-revista-sumulas-2009_5_capSumula68.pdf
69	5	https://www.stj.jus.br/docs_internet/revista/eletronica/stj-revista-sumulas-2009_5_capSumula69.pdf
7	1	https://www.stj.jus.br/docs_internet/revista/eletronica/stj-revista-sumulas-2005_1_capSumula7.pdf
70	5	https://www.stj.jus.br/docs_internet/revista/eletronica/stj-revista-sumulas-2009_5_capSumula70.pdf
71	5	https://www.stj.jus.br/docs_internet/revista/eletronica/stj-revista-sumulas-2009_5_capSumula71.pdf
72	5	https://www.stj.jus.br/docs_internet/revista/eletronica/stj-revista-sumulas-2009_5_capSumula72.pdf
73	5	https://www.stj.jus.br/docs_internet/revista/eletronica/stj-revista-sumulas-2009_5_capSumula73.pdf
74	5	https://www.stj.jus.br/docs_internet/revista/eletronica/stj-revista-sumulas-2009_5_capSumula74.pdf
75	5	https://www.stj.jus.br/docs_internet/revista/eletronica/stj-revista-sumulas-2009_5_capSumula75.pdf
76	5	https://www.stj.jus.br/docs_internet/revista/eletronica/stj-revista-sumulas-2009_5_capSumula76.pdf
77	5	https://www.stj.jus.br/docs_internet/revista/eletronica/stj-revista-sumulas-2009_5_capSumula77.pdf
78	5	https://www.stj.jus.br/docs_internet/revista/eletronica/stj-revista-sumulas-2009_5_capSumula78.pdf
79	5	https://www.stj.jus.br/docs_internet/revista/eletronica/stj-revista-sumulas-2009_5_capSumula79.pdf
8	1	https://www.stj.jus.br/docs_internet/revista/eletronica/stj-revista-sumulas-2005_1_capSumula8.pdf
80	5	https://www.stj.jus.br/docs_internet/revista/eletronica/stj-revista-sumulas-2009_5_capSumula80.pdf
81	5	https://www.stj.jus.br/docs_internet/revista/eletronica/stj-revista-sumulas-2009_5_capSumula81.pdf
82	5	https://www.stj.jus.br/docs_internet/revista/eletronica/stj-revista-sumulas-2009_5_capSumula82.pdf
83	5	https://www.stj.jus.br/docs_internet/revista/eletronica/stj-revista-sumulas-2009_5_capSumula83.pdf
84	6	https://www.stj.jus.br/docs_internet/revista/eletronica/stj-revista-sumulas-2009_6_capSumula84.pdf
85	6	https://www.stj.jus.br/docs_internet/revista/eletronica/stj-revista-sumulas-2009_6_capSumula85.pdf
86	6	https://www.stj.jus.br/docs_internet/revista/eletronica/stj-revista-sumulas-2009_6_capSumula86.pdf
87	6	https://www.stj.jus.br/docs_internet/revista/eletronica/stj-revista-sumulas-2009_6_capSumula87.pdf
88	6	https://www.stj.jus.br/docs_internet/revista/eletronica/stj-revista-sumulas-2009_6_capSumula88.pdf
89	6	https://www.stj.jus.br/docs_internet/revista/eletronica/stj-revista-sumulas-2009_6_capSumula89.pdf
9	1	https://www.stj.jus.br/docs_internet/revista/eletronica/stj-revista-sumulas-2005_1_capSumula9.pdf
90	6	https://www.stj.jus.br/docs_internet/revista/eletronica/stj-revista-sumulas-2009_6_capSumula90.pdf
91	6	https://www.stj.jus.br/docs_internet/revista/eletronica/stj-revista-sumulas-2009_6_capSumula91.pdf
92	6	https://www.stj.jus.br/docs_internet/revista/eletronica/stj-revista-sumulas-2009_6_capSumula92.pdf
93	6	https://www.stj.jus.br/docs_internet/revista/eletronica/stj-revista-sumulas-2009_6_capSumula93.pdf
94	6	https://www.stj.jus.br/docs_internet/revista/eletronica/stj-revista-sumulas-2009_6_capSumula94.pdf
95	7	https://www.stj.jus.br/docs_internet/revista/eletronica/stj-revista-sumulas-2010_7_capSumula95.pdf
96	7	https://www.stj.jus.br/docs_internet/revista/eletronica/stj-revista-sumulas-2010_7_capSumula96.pdf
97	7	https://www.stj.jus.br/docs_internet/revista/eletronica/stj-revista-sumulas-2010_7_capSumula97.pdf
98	7	https://www.stj.jus.br/docs_internet/revista/eletronica/stj-revista-sumulas-2010_7_capSumula98.pdf
99	7	https://www.stj.jus.br/docs_internet/revista/eletronica/stj-revista-sumulas-2010_7_capSumula99.pdf
